Positions,Âge,Valeur marchande (millions),Valeur marchande moyenne (millions),Years,Crew
Gardien,"26,00",28.5,9.5,2014, barcelona
Défense,"25,90",124.2,12.42,2014, barcelona
Milieu de terrain,"23,91",151.1,13.74,2014, barcelona
Attaquant,"22,29",300.0,42.86,2014, barcelona
Total,"24,39",603.8,19.48,2014, barcelona
Gardien,"27,00",31.0,10.33,2015, barcelona
Défense,"27,67",120.0,13.33,2015, barcelona
Milieu de terrain,"23,50",197.0,19.7,2015, barcelona
Attaquant,"23,10",378.0,37.8,2015, barcelona
Total,"24,88",726.0,22.69,2015, barcelona
Gardien,"26,60",43.8,8.76,2016, barcelona
Défense,"25,50",136.75,13.68,2016, barcelona
Milieu de terrain,"23,69",221.9,17.07,2016, barcelona
Attaquant,"24,33",369.8,41.09,2016, barcelona
Total,"24,73",772.25,20.87,2016, barcelona
Gardien,"25,33",70.5,23.5,2017, barcelona
Défense,"25,44",240.0,26.67,2017, barcelona
Milieu de terrain,"24,86",418.0,29.86,2017, barcelona
Attaquant,"25,43",368.0,52.57,2017, barcelona
Total,"25,18",1100.0,33.23,2017, barcelona
Gardien,"23,80",110.2,22.04,2018, barcelona
Défense,"23,36",266.2,19.01,2018, barcelona
Milieu de terrain,"24,40",431.0,28.73,2018, barcelona
Attaquant,"22,90",394.0,39.4,2018, barcelona
Total,"23,66",1200.0,27.3,2018, barcelona
Gardien,"23,50",88.8,22.2,2019, barcelona
Défense,"22,60",217.4,14.49,2019, barcelona
Milieu de terrain,"23,83",267.4,22.28,2019, barcelona
Attaquant,"23,77",357.63,27.51,2019, barcelona
Total,"23,36",931.23,21.16,2019, barcelona
Gardien,"24,50",70.5,17.63,2020, barcelona
Défense,"23,80",145.5,14.55,2020, barcelona
Milieu de terrain,"24,09",311.5,28.32,2020, barcelona
Attaquant,"23,75",290.0,36.25,2020, barcelona
Total,"23,97",817.5,24.77,2020, barcelona
Gardien,"27,00",24.8,4.96,2014,real madrid
Défense,"23,50",162.0,11.57,2014,real madrid
Milieu de terrain,"22,36",270.0,19.29,2014,real madrid
Attaquant,"23,33",340.0,37.78,2014,real madrid
Total,"23,50",796.8,18.97,2014,real madrid
Gardien,"24,00",24.3,6.08,2015,real madrid
Défense,"24,90",156.0,15.6,2015,real madrid
Milieu de terrain,"22,50",250.0,31.25,2015,real madrid
Attaquant,"23,63",284.0,35.5,2015,real madrid
Total,"23,80",714.3,23.81,2015,real madrid
Gardien,"26,67",24.3,8.1,2016,real madrid
Défense,"24,42",200.1,16.68,2016,real madrid
Milieu de terrain,"23,22",272.25,30.25,2016,real madrid
Attaquant,"24,00",324.0,36.0,2016,real madrid
Total,"24,18",820.65,24.87,2016,real madrid
Gardien,"24,00",24.3,6.08,2017,real madrid
Défense,"22,91",297.8,27.07,2017,real madrid
Milieu de terrain,"23,56",295.05,32.78,2017,real madrid
Attaquant,"24,13",338.2,42.28,2017,real madrid
Total,"23,53",955.35,29.85,2017,real madrid
Gardien,"25,40",76.5,15.3,2018,real madrid
Défense,"23,58",262.55,21.88,2018,real madrid
Milieu de terrain,"23,33",389.85,25.99,2018,real madrid
Attaquant,"23,20",304.2,30.42,2018,real madrid
Total,"23,62",1030.0,24.6,2018,real madrid
Gardien,"24,40",69.1,13.82,2019,real madrid
Défense,"24,73",231.65,21.06,2019,real madrid
Milieu de terrain,"24,88",286.0,35.75,2019,real madrid
Attaquant,"24,56",327.0,36.33,2019,real madrid
Total,"24,67",913.75,27.69,2019,real madrid
Gardien,"21,20",63.65,12.73,2020,real madrid
Défense,"24,83",233.15,19.43,2020,real madrid
Milieu de terrain,"25,86",243.7,34.81,2020,real madrid
Attaquant,"22,92",242.5,18.65,2020,real madrid
Total,"23,86",783.0,21.16,2020,real madrid
Gardien,"24,00",15.0,5.0,2014,atletico madrid
Défense,"24,80",108.0,10.8,2014,atletico madrid
Milieu de terrain,"26,25",89.5,11.19,2014,atletico madrid
Attaquant,"23,64",143.5,13.05,2014,atletico madrid
Total,"24,69",356.0,11.13,2014,atletico madrid
Gardien,"26,50",30.0,15.0,2015,atletico madrid
Défense,"24,27",115.5,10.5,2015,atletico madrid
Milieu de terrain,"25,13",121.0,15.13,2015,atletico madrid
Attaquant,"23,56",152.0,16.89,2015,atletico madrid
Total,"24,43",418.5,13.95,2015,atletico madrid
Gardien,"23,60",44.0,8.8,2016,atletico madrid
Défense,"23,53",178.8,11.92,2016,atletico madrid
Milieu de terrain,"24,42",140.5,11.71,2016,atletico madrid
Attaquant,"22,00",193.5,12.9,2016,atletico madrid
Total,"23,28",556.8,11.85,2016,atletico madrid
Gardien,"23,00",73.25,14.65,2017,atletico madrid
Défense,"24,90",193.8,19.38,2017,atletico madrid
Milieu de terrain,"24,78",179.55,19.95,2017,atletico madrid
Attaquant,"24,17",264.55,22.05,2017,atletico madrid
Total,"24,36",711.15,19.75,2017,atletico madrid
Gardien,"23,80",103.1,20.62,2018,atletico madrid
Défense,"23,93",252.2,18.01,2018,atletico madrid
Milieu de terrain,"22,00",333.8,30.35,2018,atletico madrid
Attaquant,"23,33",311.3,25.94,2018,atletico madrid
Total,"23,24",1000.0,23.82,2018,atletico madrid
Gardien,"26,00",81.0,27.0,2019,atletico madrid
Défense,"23,83",214.8,17.9,2019,atletico madrid
Milieu de terrain,"24,25",217.2,27.15,2019,atletico madrid
Attaquant,"22,73",208.35,18.94,2019,atletico madrid
Total,"23,76",721.35,21.22,2019,atletico madrid
Gardien,"24,33",74.2,24.73,2020,atletico madrid
Défense,"23,75",195.9,16.33,2020,atletico madrid
Milieu de terrain,"23,77",289.0,22.23,2020,atletico madrid
Attaquant,"24,18",214.0,19.45,2020,atletico madrid
Total,"23,92",773.1,19.82,2020,atletico madrid
Gardien,"25,67",10.5,3.5,2014, valencia
Défense,"22,25",60.5,7.56,2014, valencia
Milieu de terrain,"22,67",74.0,8.22,2014, valencia
Attaquant,"23,50",85.0,14.17,2014, valencia
Total,"23,08",230.0,8.85,2014, valencia
Gardien,"25,75",17.5,4.38,2015, valencia
Défense,"22,92",78.0,6.5,2015, valencia
Milieu de terrain,"22,30",68.5,6.85,2015, valencia
Attaquant,"21,75",90.0,7.5,2015, valencia
Total,"22,68",254.0,6.68,2015, valencia
Gardien,"26,75",13.5,3.38,2016, valencia
Défense,"23,77",124.1,9.55,2016, valencia
Milieu de terrain,"24,67",39.3,6.55,2016, valencia
Attaquant,"23,35",89.1,5.24,2016, valencia
Total,"24,03",266.0,6.65,2016, valencia
Gardien,"24,00",17.75,5.92,2017, valencia
Défense,"23,60",140.3,14.03,2017, valencia
Milieu de terrain,"22,88",103.0,12.88,2017, valencia
Attaquant,"23,22",137.0,15.22,2017, valencia
Total,"23,33",398.05,13.27,2017, valencia
Gardien,"25,00",20.75,6.92,2018, valencia
Défense,"24,69",148.7,11.44,2018, valencia
Milieu de terrain,"23,29",144.3,20.61,2018, valencia
Attaquant,"23,46",199.7,15.36,2018, valencia
Total,"24,00",513.45,14.26,2018, valencia
Gardien,"26,33",20.75,6.92,2019, valencia
Défense,"25,00",125.55,8.97,2019, valencia
Milieu de terrain,"22,38",123.5,15.44,2019, valencia
Attaquant,"25,00",158.0,19.75,2019, valencia
Total,"24,48",427.8,12.96,2019, valencia
Gardien,"26,25",9.45,2.36,2020, valencia
Défense,"23,43",95.8,6.84,2020, valencia
Milieu de terrain,"22,00",80.6,11.51,2020, valencia
Attaquant,"24,40",93.0,9.3,2020, valencia
Total,"23,74",278.85,7.97,2020, valencia
Gardien,"23,60",7.3,1.46,2014, sevilla
Défense,"25,73",45.7,4.15,2014, sevilla
Milieu de terrain,"24,60",50.05,5.01,2014, sevilla
Attaquant,"23,33",63.75,7.08,2014, sevilla
Total,"24,49",166.8,4.77,2014, sevilla
Gardien,"25,33",17.8,5.93,2015, sevilla
Défense,"25,64",55.5,3.96,2015, sevilla
Milieu de terrain,"24,18",84.5,7.68,2015, sevilla
Attaquant,"24,20",72.5,7.25,2015, sevilla
Total,"24,82",230.3,6.06,2015, sevilla
Gardien,"24,00",26.3,6.58,2016, sevilla
Défense,"24,47",50.8,3.39,2016, sevilla
Milieu de terrain,"25,55",94.7,8.61,2016, sevilla
Attaquant,"23,20",101.5,10.15,2016, sevilla
Total,"24,40",273.3,6.83,2016, sevilla
Gardien,"22,00",16.6,5.53,2017, sevilla
Défense,"26,50",73.3,6.11,2017, sevilla
Milieu de terrain,"27,44",72.8,8.09,2017, sevilla
Attaquant,"23,44",90.5,10.06,2017, sevilla
Total,"25,52",253.2,7.67,2017, sevilla
Gardien,"22,80",32.95,6.59,2018, sevilla
Défense,"25,86",60.1,4.29,2018, sevilla
Milieu de terrain,"26,22",56.95,6.33,2018, sevilla
Attaquant,"23,91",158.3,14.39,2018, sevilla
Total,"25,00",308.3,7.91,2018, sevilla
Gardien,"24,60",27.1,5.42,2019, sevilla
Défense,"24,18",93.4,8.49,2019, sevilla
Milieu de terrain,"26,86",58.3,8.33,2019, sevilla
Attaquant,"23,92",115.95,9.66,2019, sevilla
Total,"24,69",294.75,8.42,2019, sevilla
Gardien,"24,40",22.7,4.54,2020, sevilla
Défense,"24,92",139.3,10.72,2020, sevilla
Milieu de terrain,"26,38",79.3,9.91,2020, sevilla
Attaquant,"23,25",176.95,14.75,2020, sevilla
Total,"24,63",418.25,11.01,2020, sevilla
Gardien,"23,75",8.0,2.0,2014, villarreal
Défense,"23,14",41.9,2.99,2014, villarreal
Milieu de terrain,"23,89",27.8,3.09,2014, villarreal
Attaquant,"22,00",55.0,5.5,2014, villarreal
Total,"23,08",132.7,3.59,2014, villarreal
Gardien,"26,00",12.3,4.1,2015, villarreal
Défense,"24,42",43.3,3.61,2015, villarreal
Milieu de terrain,"24,33",36.5,6.08,2015, villarreal
Attaquant,"23,57",48.5,6.93,2015, villarreal
Total,"24,36",140.6,5.02,2015, villarreal
Gardien,"29,00",9.6,3.2,2016, villarreal
Défense,"25,33",68.8,5.73,2016, villarreal
Milieu de terrain,"24,50",51.9,6.49,2016, villarreal
Attaquant,"22,44",65.8,4.11,2016, villarreal
Total,"24,26",196.1,5.03,2016, villarreal
Gardien,"28,00",9.9,2.48,2017, villarreal
Défense,"25,45",51.8,4.71,2017, villarreal
Milieu de terrain,"23,38",85.85,6.6,2017, villarreal
Attaquant,"23,33",71.6,5.97,2017, villarreal
Total,"24,40",219.15,5.48,2017, villarreal
Gardien,"31,00",13.9,4.63,2018, villarreal
Défense,"25,27",71.05,4.74,2018, villarreal
Milieu de terrain,"26,67",75.0,6.25,2018, villarreal
Attaquant,"23,67",89.0,9.89,2018, villarreal
Total,"25,77",248.95,6.38,2018, villarreal
Gardien,"32,00",10.6,3.53,2019, villarreal
Défense,"25,40",47.8,4.78,2019, villarreal
Milieu de terrain,"25,40",48.98,4.9,2019, villarreal
Attaquant,"23,40",101.3,10.13,2019, villarreal
Total,"25,39",208.68,6.32,2019, villarreal
Gardien,"23,75",13.3,3.33,2020, villarreal
Défense,"25,92",113.3,8.72,2020, villarreal
Milieu de terrain,"27,29",32.5,4.64,2020, villarreal
Attaquant,"22,75",133.5,11.13,2020, villarreal
Total,"24,89",292.6,8.13,2020, villarreal
Gardien,"26,00",3.0,1.0,2014,athletic bilbao
Défense,"25,75",32.3,4.04,2014,athletic bilbao
Milieu de terrain,"23,50",51.4,6.43,2014,athletic bilbao
Attaquant,"26,00",25.4,3.18,2014,athletic bilbao
Total,"25,19",112.1,4.15,2014,athletic bilbao
Gardien,"27,00",4.5,1.5,2015,athletic bilbao
Défense,"25,11",47.0,5.22,2015,athletic bilbao
Milieu de terrain,"25,75",48.5,6.06,2015,athletic bilbao
Attaquant,"26,88",48.0,6.0,2015,athletic bilbao
Total,"26,00",148.0,5.29,2015,athletic bilbao
Gardien,"24,80",12.4,2.48,2016,athletic bilbao
Défense,"23,91",64.0,5.82,2016,athletic bilbao
Milieu de terrain,"25,70",49.0,4.9,2016,athletic bilbao
Attaquant,"26,11",50.6,5.62,2016,athletic bilbao
Total,"25,11",176.0,5.03,2016,athletic bilbao
Gardien,"23,67",23.5,7.83,2017,athletic bilbao
Défense,"24,15",134.85,10.37,2017,athletic bilbao
Milieu de terrain,"24,89",34.85,3.87,2017,athletic bilbao
Attaquant,"26,75",56.2,7.03,2017,athletic bilbao
Total,"24,94",249.4,7.56,2017,athletic bilbao
Gardien,"23,75",11.7,2.93,2018,athletic bilbao
Défense,"25,73",108.25,9.84,2018,athletic bilbao
Milieu de terrain,"26,78",44.3,4.92,2018,athletic bilbao
Attaquant,"26,20",76.0,7.6,2018,athletic bilbao
Total,"25,91",240.25,7.07,2018,athletic bilbao
Gardien,"23,75",19.15,4.79,2019,athletic bilbao
Défense,"25,09",94.5,8.59,2019,athletic bilbao
Milieu de terrain,"25,38",34.9,4.36,2019,athletic bilbao
Attaquant,"26,22",63.2,7.02,2019,athletic bilbao
Total,"25,31",211.75,6.62,2019,athletic bilbao
Gardien,"26,00",21.3,7.1,2020,athletic bilbao
Défense,"27,22",82.9,9.21,2020,athletic bilbao
Milieu de terrain,"22,90",41.25,4.13,2020,athletic bilbao
Attaquant,"24,40",58.2,5.82,2020,athletic bilbao
Total,"24,88",203.65,6.36,2020,athletic bilbao
Gardien,"22,50",3.5,1.75,2014,celta vigo
Défense,"21,40",19.0,1.9,2014,celta vigo
Milieu de terrain,"24,56",18.9,2.1,2014,celta vigo
Attaquant,"24,43",19.0,2.71,2014,celta vigo
Total,"23,25",60.4,2.16,2014,celta vigo
Gardien,"23,33",4.5,1.5,2015,celta vigo
Défense,"23,22",29.5,3.28,2015,celta vigo
Milieu de terrain,"23,63",17.8,2.23,2015,celta vigo
Attaquant,"24,25",39.3,4.91,2015,celta vigo
Total,"23,64",91.1,3.25,2015,celta vigo
Gardien,"22,33",6.8,2.27,2016,celta vigo
Défense,"25,20",46.5,4.65,2016,celta vigo
Milieu de terrain,"24,56",24.3,2.7,2016,celta vigo
Attaquant,"24,50",46.9,4.69,2016,celta vigo
Total,"24,53",124.5,3.89,2016,celta vigo
Gardien,"22,40",5.5,1.1,2017,celta vigo
Défense,"24,90",56.85,5.69,2017,celta vigo
Milieu de terrain,"23,57",32.55,4.65,2017,celta vigo
Attaquant,"22,60",78.15,7.82,2017,celta vigo
Total,"23,50",173.05,5.41,2017,celta vigo
Gardien,"24,33",5.3,1.77,2018,celta vigo
Défense,"25,82",50.8,4.62,2018,celta vigo
Milieu de terrain,"23,56",89.5,9.94,2018,celta vigo
Attaquant,"23,70",94.5,9.45,2018,celta vigo
Total,"24,42",240.1,7.28,2018,celta vigo
Gardien,"22,50",10.0,1.67,2019,celta vigo
Défense,"23,91",34.15,3.1,2019,celta vigo
Milieu de terrain,"23,44",75.4,8.38,2019,celta vigo
Attaquant,"25,22",47.45,5.27,2019,celta vigo
Total,"23,89",167.0,4.77,2019,celta vigo
Gardien,"22,57",8.6,1.23,2020,celta vigo
Défense,"23,60",40.4,2.69,2020,celta vigo
Milieu de terrain,"22,25",69.2,8.65,2020,celta vigo
Attaquant,"24,18",34.15,3.1,2020,celta vigo
Total,"23,32",152.35,3.72,2020,celta vigo
Gardien,"27,33",8.5,2.83,2014, malaga
Défense,"27,18",21.8,1.98,2014, malaga
Milieu de terrain,"24,14",24.0,3.43,2014, malaga
Attaquant,"24,33",28.5,3.17,2014, malaga
Total,"25,63",82.8,2.76,2014, malaga
Gardien,"26,33",8.0,2.67,2015, malaga
Défense,"27,18",16.0,1.45,2015, malaga
Milieu de terrain,"24,33",31.75,3.53,2015, malaga
Attaquant,"26,00",22.2,2.22,2015, malaga
Total,"25,97",77.95,2.36,2015, malaga
Gardien,"26,67",3.2,1.07,2016, malaga
Défense,"27,50",25.0,2.5,2016, malaga
Milieu de terrain,"24,63",28.1,3.51,2016, malaga
Attaquant,"22,45",28.0,2.55,2016, malaga
Total,"24,97",84.3,2.63,2016, malaga
Gardien,"27,67",2.6,0.867,2017, malaga
Défense,"24,54",15.3,1.18,2017, malaga
Milieu de terrain,"25,00",11.2,1.12,2017, malaga
Attaquant,"24,14",26.1,1.86,2017, malaga
Total,"24,75",55.2,1.38,2017, malaga
Gardien,"27,80",2.4,0.48,2018, malaga
Défense,"25,73",15.35,1.4,2018, malaga
Milieu de terrain,"26,60",13.85,1.39,2018, malaga
Attaquant,"23,23",15.8,1.22,2018, malaga
Total,"25,38",47.4,1.22,2018, malaga
Gardien,"23,00",1.05,0.35,2019, malaga
Défense,"25,00",5.33,0.592,2019, malaga
Milieu de terrain,"22,45",6.6,0.6,2019, malaga
Attaquant,"22,79",7.08,0.505,2019, malaga
Total,"23,24",20.05,0.542,2019, malaga
Gardien,"22,40",1.4,0.28,2020, malaga
Défense,"22,54",6.4,0.492,2020, malaga
Milieu de terrain,"23,08",6.88,0.529,2020, malaga
Attaquant,"22,59",5.6,0.329,2020, malaga
Total,"22,69",20.28,0.422,2020, malaga
Gardien,"22,00",7.8,2.6,2014,espanyol barcelona
Défense,"24,23",27.5,2.12,2014,espanyol barcelona
Milieu de terrain,"24,63",18.7,2.34,2014,espanyol barcelona
Attaquant,"26,14",21.5,3.07,2014,espanyol barcelona
Total,"24,55",75.5,2.44,2014,espanyol barcelona
Gardien,"22,75",7.0,1.75,2015,espanyol barcelona
Défense,"23,64",21.9,1.56,2015,espanyol barcelona
Milieu de terrain,"27,33",12.3,2.05,2015,espanyol barcelona
Attaquant,"23,00",21.0,2.33,2015,espanyol barcelona
Total,"24,03",62.2,1.88,2015,espanyol barcelona
Gardien,"26,75",4.8,1.2,2016,espanyol barcelona
Défense,"25,27",30.2,2.75,2016,espanyol barcelona
Milieu de terrain,"27,25",20.5,2.56,2016,espanyol barcelona
Attaquant,"24,83",31.0,2.58,2016,espanyol barcelona
Total,"25,74",86.5,2.47,2016,espanyol barcelona
Gardien,"23,25",5.5,1.38,2017,espanyol barcelona
Défense,"26,13",24.0,3.0,2017,espanyol barcelona
Milieu de terrain,"28,22",31.3,3.48,2017,espanyol barcelona
Attaquant,"25,88",37.0,4.63,2017,espanyol barcelona
Total,"26,31",97.8,3.37,2017,espanyol barcelona
Gardien,"34,00",2.5,1.25,2018,espanyol barcelona
Défense,"25,00",66.3,6.03,2018,espanyol barcelona
Milieu de terrain,"24,86",61.4,8.77,2018,espanyol barcelona
Attaquant,"25,42",65.5,5.46,2018,espanyol barcelona
Total,"25,69",195.7,6.12,2018,espanyol barcelona
Gardien,"27,75",2.8,0.7,2019,espanyol barcelona
Défense,"24,92",37.3,2.87,2019,espanyol barcelona
Milieu de terrain,"24,78",41.4,4.6,2019,espanyol barcelona
Attaquant,"23,93",74.55,5.33,2019,espanyol barcelona
Total,"24,83",156.05,3.9,2019,espanyol barcelona
Gardien,"24,60",1.15,0.23,2020,espanyol barcelona
Défense,"23,20",16.7,1.67,2020,espanyol barcelona
Milieu de terrain,"23,00",25.6,2.56,2020,espanyol barcelona
Attaquant,"22,83",36.0,3.0,2020,espanyol barcelona
Total,"23,22",79.45,2.15,2020,espanyol barcelona
Gardien,"29,25",1.6,0.4,2014,rayo vallecano
Défense,"26,22",15.1,1.68,2014,rayo vallecano
Milieu de terrain,"23,57",10.2,1.46,2014,rayo vallecano
Attaquant,"25,11",24.8,2.76,2014,rayo vallecano
Total,"25,66",51.7,1.78,2014,rayo vallecano
Gardien,"29,00",2.9,0.58,2015,rayo vallecano
Défense,"27,60",13.4,1.34,2015,rayo vallecano
Milieu de terrain,"26,36",19.8,1.8,2015,rayo vallecano
Attaquant,"26,00",13.5,1.5,2015,rayo vallecano
Total,"27,00",49.6,1.42,2015,rayo vallecano
Gardien,"26,25",1.5,0.375,2016,rayo vallecano
Défense,"27,55",5.5,0.5,2016,rayo vallecano
Milieu de terrain,"24,73",8.45,0.768,2016,rayo vallecano
Attaquant,"27,00",4.9,0.613,2016,rayo vallecano
Total,"26,35",20.35,0.599,2016,rayo vallecano
Gardien,"26,67",1.0,0.333,2017,rayo vallecano
Défense,"26,44",7.5,0.833,2017,rayo vallecano
Milieu de terrain,"26,00",8.55,0.855,2017,rayo vallecano
Attaquant,"26,89",8.7,0.967,2017,rayo vallecano
Total,"26,45",25.75,0.831,2017,rayo vallecano
Gardien,"24,67",3.5,1.17,2018,rayo vallecano
Défense,"25,23",25.3,1.95,2018,rayo vallecano
Milieu de terrain,"24,45",23.2,2.11,2018,rayo vallecano
Attaquant,"26,22",34.7,3.86,2018,rayo vallecano
Total,"25,19",86.7,2.41,2018,rayo vallecano
Gardien,"23,71",2.9,0.414,2019,rayo vallecano
Défense,"24,64",8.68,0.62,2019,rayo vallecano
Milieu de terrain,"23,63",9.2,1.15,2019,rayo vallecano
Attaquant,"25,08",17.2,1.32,2019,rayo vallecano
Total,"24,43",37.98,0.904,2019,rayo vallecano
Gardien,"24,60",2.9,0.58,2020,rayo vallecano
Défense,"24,20",10.1,1.01,2020,rayo vallecano
Milieu de terrain,"23,89",6.4,0.711,2020,rayo vallecano
Attaquant,"25,25",10.55,0.879,2020,rayo vallecano
Total,"24,53",29.95,0.832,2020,rayo vallecano
Gardien,"23,67",5.0,1.67,2014,real sociedad san sebastian
Défense,"25,30",28.5,2.85,2014,real sociedad san sebastian
Milieu de terrain,"24,50",31.5,3.15,2014,real sociedad san sebastian
Attaquant,"23,86",31.8,4.54,2014,real sociedad san sebastian
Total,"24,53",96.8,3.23,2014,real sociedad san sebastian
Gardien,"22,67",7.0,2.33,2015,real sociedad san sebastian
Défense,"25,33",34.6,2.88,2015,real sociedad san sebastian
Milieu de terrain,"24,89",41.5,4.61,2015,real sociedad san sebastian
Attaquant,"23,50",36.3,4.54,2015,real sociedad san sebastian
Total,"24,50",119.4,3.73,2015,real sociedad san sebastian
Gardien,"24,67",14.6,4.87,2016,real sociedad san sebastian
Défense,"24,73",50.0,4.55,2016,real sociedad san sebastian
Milieu de terrain,"25,36",33.05,3.0,2016,real sociedad san sebastian
Attaquant,"22,89",60.5,6.72,2016,real sociedad san sebastian
Total,"24,44",158.15,4.65,2016,real sociedad san sebastian
Gardien,"27,00",12.7,3.18,2017,real sociedad san sebastian
Défense,"25,60",91.2,9.12,2017,real sociedad san sebastian
Milieu de terrain,"25,13",38.05,4.76,2017,real sociedad san sebastian
Attaquant,"23,75",91.8,11.48,2017,real sociedad san sebastian
Total,"25,17",233.75,7.79,2017,real sociedad san sebastian
Gardien,"27,00",11.8,3.93,2018,real sociedad san sebastian
Défense,"23,55",85.2,7.75,2018,real sociedad san sebastian
Milieu de terrain,"23,00",84.1,9.34,2018,real sociedad san sebastian
Attaquant,"21,60",119.85,11.99,2018,real sociedad san sebastian
Total,"23,12",300.95,9.12,2018,real sociedad san sebastian
Gardien,"24,75",13.55,3.39,2019,real sociedad san sebastian
Défense,"23,55",66.25,6.02,2019,real sociedad san sebastian
Milieu de terrain,"24,45",133.05,12.1,2019,real sociedad san sebastian
Attaquant,"21,90",134.7,13.47,2019,real sociedad san sebastian
Total,"23,50",347.55,9.65,2019,real sociedad san sebastian
Gardien,"24,20",21.25,4.25,2020,real sociedad san sebastian
Défense,"23,67",83.45,6.95,2020,real sociedad san sebastian
Milieu de terrain,"23,64",112.4,10.22,2020,real sociedad san sebastian
Attaquant,"23,40",188.2,18.82,2020,real sociedad san sebastian
Total,"23,66",405.3,10.67,2020,real sociedad san sebastian
Gardien,"25,50",3.5,0.875,2014, elche
Défense,"26,89",10.2,1.13,2014, elche
Milieu de terrain,"23,17",9.5,1.58,2014, elche
Attaquant,"23,40",15.4,1.54,2014, elche
Total,"24,72",38.6,1.33,2014, elche
Gardien,"24,33",1.2,0.4,2015, elche
Défense,"25,00",4.85,0.485,2015, elche
Milieu de terrain,"23,33",6.9,0.767,2015, elche
Attaquant,"22,25",3.5,0.438,2015, elche
Total,"23,70",16.45,0.548,2015, elche
Gardien,"24,33",1.0,0.333,2016, elche
Défense,"26,82",3.3,0.3,2016, elche
Milieu de terrain,"25,33",3.3,0.367,2016, elche
Attaquant,"24,73",3.9,0.355,2016, elche
Total,"25,53",11.5,0.338,2016, elche
Gardien,"26,00",0.15,0.05,2017, elche
Défense,"24,40",2.9,0.193,2017, elche
Milieu de terrain,"25,13",1.4,0.175,2017, elche
Attaquant,"26,11",1.75,0.194,2017, elche
Total,"25,14",6.2,0.177,2017, elche
Gardien,"26,25",1.5,0.375,2018, elche
Défense,"25,86",4.75,0.339,2018, elche
Milieu de terrain,"27,56",3.05,0.339,2018, elche
Attaquant,"25,31",6.85,0.527,2018, elche
Total,"26,10",16.15,0.404,2018, elche
Gardien,"21,50",1.15,0.288,2019, elche
Défense,"24,00",3.28,0.328,2019, elche
Milieu de terrain,"23,33",3.88,0.646,2019, elche
Attaquant,"25,53",7.4,0.493,2019, elche
Total,"24,26",15.7,0.449,2019, elche
Gardien,"21,17",5.35,0.892,2020, elche
Défense,"25,69",12.85,0.988,2020, elche
Milieu de terrain,"24,13",9.6,1.2,2020, elche
Attaquant,"26,67",17.75,1.18,2020, elche
Total,"25,10",45.55,1.08,2020, elche
Gardien,"30,67",4.0,1.33,2014, getafe
Défense,"24,00",15.8,1.32,2014, getafe
Milieu de terrain,"25,88",8.2,1.03,2014, getafe
Attaquant,"24,09",22.5,2.05,2014, getafe
Total,"25,06",50.5,1.49,2014, getafe
Gardien,"26,50",3.5,1.75,2015, getafe
Défense,"24,50",13.7,1.14,2015, getafe
Milieu de terrain,"26,25",5.7,1.43,2015, getafe
Attaquant,"24,15",26.7,2.05,2015, getafe
Total,"24,71",49.6,1.6,2015, getafe
Gardien,"27,33",2.5,0.833,2016, getafe
Défense,"27,60",6.6,0.66,2016, getafe
Milieu de terrain,"28,50",4.7,0.588,2016, getafe
Attaquant,"26,18",9.6,0.873,2016, getafe
Total,"27,31",23.4,0.731,2016, getafe
Gardien,"25,00",6.8,2.27,2017, getafe
Défense,"24,92",26.3,2.19,2017, getafe
Milieu de terrain,"27,67",10.3,1.14,2017, getafe
Attaquant,"25,00",22.2,1.85,2017, getafe
Total,"25,64",65.6,1.82,2017, getafe
Gardien,"24,75",16.7,4.18,2018, getafe
Défense,"25,78",46.5,5.17,2018, getafe
Milieu de terrain,"26,83",35.2,5.87,2018, getafe
Attaquant,"25,43",37.0,2.64,2018, getafe
Total,"25,70",135.4,4.1,2018, getafe
Gardien,"25,00",16.2,4.05,2019, getafe
Défense,"28,27",50.2,4.56,2019, getafe
Milieu de terrain,"25,22",76.45,8.49,2019, getafe
Attaquant,"28,11",32.6,3.62,2019, getafe
Total,"27,00",175.45,5.32,2019, getafe
Gardien,"26,50",11.0,5.5,2020, getafe
Défense,"25,50",39.15,3.26,2020, getafe
Milieu de terrain,"23,29",74.15,10.59,2020, getafe
Attaquant,"23,58",45.8,3.82,2020, getafe
Total,"24,39",170.1,5.15,2020, getafe
Gardien,"25,00",3.5,1.75,2014,ud levante
Défense,"28,18",9.3,0.845,2014,ud levante
Milieu de terrain,"26,57",13.2,1.89,2014,ud levante
Attaquant,"25,91",17.45,1.59,2014,ud levante
Total,"26,81",43.45,1.4,2014,ud levante
Gardien,"27,67",3.8,1.27,2015,ud levante
Défense,"27,82",11.8,1.07,2015,ud levante
Milieu de terrain,"24,86",11.0,1.57,2015,ud levante
Attaquant,"25,20",26.5,2.65,2015,ud levante
Total,"26,29",53.1,1.71,2015,ud levante
Gardien,"23,75",3.0,0.75,2016,ud levante
Défense,"24,90",8.15,0.815,2016,ud levante
Milieu de terrain,"25,20",7.8,1.56,2016,ud levante
Attaquant,"24,70",10.0,1.0,2016,ud levante
Total,"24,72",28.95,0.998,2016,ud levante
Gardien,"24,80",3.9,0.78,2017,ud levante
Défense,"25,00",14.5,1.32,2017,ud levante
Milieu de terrain,"22,25",16.75,2.09,2017,ud levante
Attaquant,"24,54",26.7,2.05,2017,ud levante
Total,"24,22",61.85,1.67,2017,ud levante
Gardien,"25,67",5.8,1.93,2018,ud levante
Défense,"26,09",22.7,2.06,2018,ud levante
Milieu de terrain,"22,88",38.35,4.79,2018,ud levante
Attaquant,"24,80",41.7,4.17,2018,ud levante
Total,"24,84",108.55,3.39,2018,ud levante
Gardien,"25,50",10.35,2.59,2019,ud levante
Défense,"26,36",21.35,1.53,2019,ud levante
Milieu de terrain,"23,13",33.25,4.16,2019,ud levante
Attaquant,"26,71",25.55,3.65,2019,ud levante
Total,"25,55",90.5,2.74,2019,ud levante
Gardien,"23,50",7.15,1.79,2020,ud levante
Défense,"27,18",20.9,1.9,2020,ud levante
Milieu de terrain,"24,40",45.45,4.55,2020,ud levante
Attaquant,"25,67",38.8,4.31,2020,ud levante
Total,"25,53",112.3,3.3,2020,ud levante
Gardien,"25,67",2.2,0.733,2014,deportivo la coruna
Défense,"26,58",18.6,1.55,2014,deportivo la coruna
Milieu de terrain,"24,33",16.8,1.87,2014,deportivo la coruna
Attaquant,"24,78",16.3,1.81,2014,deportivo la coruna
Total,"25,39",53.9,1.63,2014,deportivo la coruna
Gardien,"29,00",3.6,0.72,2015,deportivo la coruna
Défense,"28,40",16.4,1.64,2015,deportivo la coruna
Milieu de terrain,"27,89",24.5,2.72,2015,deportivo la coruna
Attaquant,"22,83",17.25,2.88,2015,deportivo la coruna
Total,"27,23",61.75,2.06,2015,deportivo la coruna
Gardien,"29,00",3.7,0.925,2016,deportivo la coruna
Défense,"26,27",24.6,2.24,2016,deportivo la coruna
Milieu de terrain,"25,18",28.5,2.59,2016,deportivo la coruna
Attaquant,"24,64",37.2,3.38,2016,deportivo la coruna
Total,"25,76",94.0,2.54,2016,deportivo la coruna
Gardien,"27,00",4.2,0.84,2017,deportivo la coruna
Défense,"25,36",19.05,1.36,2017,deportivo la coruna
Milieu de terrain,"26,44",19.9,2.21,2017,deportivo la coruna
Attaquant,"25,00",23.3,2.91,2017,deportivo la coruna
Total,"25,78",66.45,1.85,2017,deportivo la coruna
Gardien,"26,67",1.4,0.467,2018,deportivo la coruna
Défense,"26,50",13.2,1.1,2018,deportivo la coruna
Milieu de terrain,"28,00",11.2,1.24,2018,deportivo la coruna
Attaquant,"25,33",11.35,1.26,2018,deportivo la coruna
Total,"26,61",37.15,1.13,2018,deportivo la coruna
Gardien,"25,00",1.5,0.3,2019,deportivo la coruna
Défense,"24,08",11.5,0.885,2019,deportivo la coruna
Milieu de terrain,"24,55",10.5,0.955,2019,deportivo la coruna
Attaquant,"26,15",11.5,0.885,2019,deportivo la coruna
Total,"24,95",35.0,0.833,2019,deportivo la coruna
Gardien,"21,25",0.85,0.213,2020,deportivo la coruna
Défense,"23,09",2.5,0.227,2020,deportivo la coruna
Milieu de terrain,"23,78",2.7,0.3,2020,deportivo la coruna
Attaquant,"24,14",5.65,0.404,2020,deportivo la coruna
Total,"23,45",11.7,0.308,2020,deportivo la coruna
Gardien,"26,33",1.3,0.433,2014, granada
Défense,"24,31",29.3,2.25,2014, granada
Milieu de terrain,"24,20",16.3,1.63,2014, granada
Attaquant,"24,08",20.65,1.59,2014, granada
Total,"24,36",67.55,1.73,2014, granada
Gardien,"25,75",2.9,0.725,2015, granada
Défense,"25,90",18.9,1.89,2015, granada
Milieu de terrain,"25,25",18.0,2.25,2015, granada
Attaquant,"23,45",31.7,2.88,2015, granada
Total,"24,91",71.5,2.17,2015, granada
Gardien,"26,50",5.1,1.28,2016, granada
Défense,"24,46",19.6,1.51,2016, granada
Milieu de terrain,"23,27",21.8,1.98,2016, granada
Attaquant,"23,87",22.85,1.52,2016, granada
Total,"24,14",69.35,1.61,2016, granada
Gardien,"26,00",1.15,0.383,2017, granada
Défense,"27,22",5.7,0.633,2017, granada
Milieu de terrain,"23,67",7.55,0.839,2017, granada
Attaquant,"25,10",7.8,0.78,2017, granada
Total,"25,39",22.2,0.716,2017, granada
Gardien,"23,00",3.0,1.0,2018, granada
Défense,"25,00",8.9,0.809,2018, granada
Milieu de terrain,"25,90",12.8,1.28,2018, granada
Attaquant,"25,67",6.4,1.07,2018, granada
Total,"25,23",31.1,1.04,2018, granada
Gardien,"23,25",4.75,1.19,2019, granada
Défense,"25,57",21.43,1.53,2019, granada
Milieu de terrain,"23,63",16.1,2.01,2019, granada
Attaquant,"26,00",14.3,1.79,2019, granada
Total,"24,94",56.58,1.66,2019, granada
Gardien,"21,33",13.43,2.24,2020, granada
Défense,"24,36",32.95,2.35,2020, granada
Milieu de terrain,"23,27",43.7,2.91,2020, granada
Attaquant,"26,00",32.38,3.6,2020, granada
Total,"23,91",122.45,2.78,2020, granada
Gardien,"25,00",2.5,0.833,2014,ud almeria
Défense,"24,70",11.2,1.12,2014,ud almeria
Milieu de terrain,"25,13",12.9,1.61,2014,ud almeria
Attaquant,"22,40",11.7,1.17,2014,ud almeria
Total,"24,10",38.3,1.24,2014,ud almeria
Gardien,"26,67",0.9,0.3,2015,ud almeria
Défense,"24,64",6.4,0.457,2015,ud almeria
Milieu de terrain,"25,33",6.2,0.689,2015,ud almeria
Attaquant,"24,10",6.6,0.66,2015,ud almeria
Total,"24,83",20.1,0.558,2015,ud almeria
Gardien,"25,67",0.7,0.233,2016,ud almeria
Défense,"25,50",7.1,0.444,2016,ud almeria
Milieu de terrain,"25,63",2.3,0.288,2016,ud almeria
Attaquant,"24,60",6.45,0.43,2016,ud almeria
Total,"25,21",16.55,0.394,2016,ud almeria
Gardien,"30,00",0.7,0.35,2017,ud almeria
Défense,"25,00",4.8,0.436,2017,ud almeria
Milieu de terrain,"24,11",6.0,0.667,2017,ud almeria
Attaquant,"23,83",4.5,0.375,2017,ud almeria
Total,"24,65",16.0,0.471,2017,ud almeria
Gardien,"25,40",1.05,0.21,2018,ud almeria
Défense,"25,17",8.8,0.733,2018,ud almeria
Milieu de terrain,"24,22",5.6,0.622,2018,ud almeria
Attaquant,"23,55",6.9,0.627,2018,ud almeria
Total,"24,49",22.35,0.604,2018,ud almeria
Gardien,"25,00",2.23,0.371,2019,ud almeria
Défense,"24,57",9.45,0.675,2019,ud almeria
Milieu de terrain,"23,25",12.78,1.06,2019,ud almeria
Attaquant,"21,75",9.2,0.767,2019,ud almeria
Total,"23,50",33.65,0.765,2019,ud almeria
Gardien,"25,50",1.45,0.363,2020,ud almeria
Défense,"23,30",19.0,1.9,2020,ud almeria
Milieu de terrain,"23,67",18.65,2.07,2020,ud almeria
Attaquant,"21,92",31.5,2.63,2020,ud almeria
Total,"23,17",70.6,2.02,2020,ud almeria
Gardien,"28,50",0.9,0.45,2014, cordoba
Défense,"24,45",9.9,0.9,2014, cordoba
Milieu de terrain,"25,73",15.1,1.37,2014, cordoba
Attaquant,"23,67",25.0,2.08,2014, cordoba
Total,"24,81",50.9,1.41,2014, cordoba
Gardien,"26,67",1.3,0.433,2015, cordoba
Défense,"25,11",3.95,0.439,2015, cordoba
Milieu de terrain,"25,83",3.3,0.55,2015, cordoba
Attaquant,"25,40",7.7,0.77,2015, cordoba
Total,"25,54",16.25,0.58,2015, cordoba
Gardien,"24,00",1.7,0.34,2016, cordoba
Défense,"24,77",6.1,0.469,2016, cordoba
Milieu de terrain,"25,44",3.55,0.394,2016, cordoba
Attaquant,"25,40",3.4,0.34,2016, cordoba
Total,"25,00",14.75,0.399,2016, cordoba
Gardien,"27,33",1.3,0.433,2017, cordoba
Défense,"24,08",5.0,0.385,2017, cordoba
Milieu de terrain,"25,91",4.1,0.373,2017, cordoba
Attaquant,"23,50",5.75,0.411,2017, cordoba
Total,"24,61",16.15,0.394,2017, cordoba
Gardien,"22,80",0.85,0.17,2018, cordoba
Défense,"26,42",5.3,0.442,2018, cordoba
Milieu de terrain,"23,27",5.4,0.491,2018, cordoba
Attaquant,"24,69",5.45,0.419,2018, cordoba
Total,"24,59",17.0,0.415,2018, cordoba
Gardien,"23,67",0.4,0.133,2019, cordoba
Défense,"26,42",2.28,0.19,2019, cordoba
Milieu de terrain,"22,63",1.08,0.134,2019, cordoba
Attaquant,"26,42",2.53,0.21,2019, cordoba
Total,"25,31",6.28,0.179,2019, cordoba
Gardien,"25,00",0.4,0.133,2020, cordoba
Défense,"23,73",1.8,0.164,2020, cordoba
Milieu de terrain,"25,17",0.85,0.142,2020, cordoba
Attaquant,"26,50",2.4,0.171,2020, cordoba
Total,"25,24",5.45,0.16,2020, cordoba
Gardien,"26,67",2.0,0.667,2014,real betis sevilla
Défense,"23,82",9.3,0.845,2014,real betis sevilla
Milieu de terrain,"22,90",12.9,1.29,2014,real betis sevilla
Attaquant,"25,56",12.8,1.42,2014,real betis sevilla
Total,"24,27",37.0,1.12,2014,real betis sevilla
Gardien,"24,75",3.4,0.85,2015,real betis sevilla
Défense,"25,70",17.6,1.76,2015,real betis sevilla
Milieu de terrain,"25,00",19.5,2.17,2015,real betis sevilla
Attaquant,"27,30",15.9,1.59,2015,real betis sevilla
Total,"25,88",56.4,1.71,2015,real betis sevilla
Gardien,"31,67",8.4,2.8,2016,real betis sevilla
Défense,"24,10",30.8,3.08,2016,real betis sevilla
Milieu de terrain,"23,56",33.3,3.7,2016,real betis sevilla
Attaquant,"26,67",15.5,1.72,2016,real betis sevilla
Total,"25,42",88.0,2.84,2016,real betis sevilla
Gardien,"25,50",5.45,1.36,2017,real betis sevilla
Défense,"24,09",51.7,4.7,2017,real betis sevilla
Milieu de terrain,"25,00",43.3,7.22,2017,real betis sevilla
Attaquant,"25,60",31.8,3.18,2017,real betis sevilla
Total,"24,94",132.25,4.27,2017,real betis sevilla
Gardien,"25,50",25.0,12.5,2018,real betis sevilla
Défense,"23,92",90.35,7.53,2018,real betis sevilla
Milieu de terrain,"24,67",129.3,10.78,2018,real betis sevilla
Attaquant,"24,58",58.85,4.9,2018,real betis sevilla
Total,"24,45",303.5,7.99,2018,real betis sevilla
Gardien,"22,50",8.8,2.2,2019,real betis sevilla
Défense,"25,09",82.6,7.51,2019,real betis sevilla
Milieu de terrain,"23,57",103.15,7.37,2019,real betis sevilla
Attaquant,"24,00",49.9,5.54,2019,real betis sevilla
Total,"24,00",244.45,6.43,2019,real betis sevilla
Gardien,"26,20",8.15,1.63,2020,real betis sevilla
Défense,"24,73",63.2,5.75,2020,real betis sevilla
Milieu de terrain,"26,25",88.0,11.0,2020,real betis sevilla
Attaquant,"26,33",48.3,5.37,2020,real betis sevilla
Total,"25,76",207.65,6.29,2020,real betis sevilla
Gardien,"25,00",0.7,0.175,2014,ud las palmas
Défense,"27,38",3.7,0.463,2014,ud las palmas
Milieu de terrain,"25,27",7.7,0.7,2014,ud las palmas
Attaquant,"26,00",5.3,0.663,2014,ud las palmas
Total,"25,97",17.4,0.561,2014,ud las palmas
Gardien,"26,00",1.2,0.4,2015,ud las palmas
Défense,"27,50",8.7,0.87,2015,ud las palmas
Milieu de terrain,"26,82",14.3,1.3,2015,ud las palmas
Attaquant,"23,89",8.0,0.889,2015,ud las palmas
Total,"26,15",32.2,0.976,2015,ud las palmas
Gardien,"29,00",1.2,0.6,2016,ud las palmas
Défense,"26,67",25.6,2.84,2016,ud las palmas
Milieu de terrain,"25,73",40.7,3.7,2016,ud las palmas
Attaquant,"24,27",16.85,1.53,2016,ud las palmas
Total,"25,70",84.35,2.56,2016,ud las palmas
Gardien,"24,33",1.85,0.617,2017,ud las palmas
Défense,"27,73",18.2,1.65,2017,ud las palmas
Milieu de terrain,"25,58",24.15,2.01,2017,ud las palmas
Attaquant,"24,92",47.0,3.92,2017,ud las palmas
Total,"25,89",91.2,2.4,2017,ud las palmas
Gardien,"26,00",2.0,0.5,2018,ud las palmas
Défense,"27,85",12.8,0.985,2018,ud las palmas
Milieu de terrain,"25,27",11.05,1.0,2018,ud las palmas
Attaquant,"26,08",11.3,0.942,2018,ud las palmas
Total,"26,43",37.15,0.929,2018,ud las palmas
Gardien,"23,50",3.5,0.875,2019,ud las palmas
Défense,"27,17",5.55,0.463,2019,ud las palmas
Milieu de terrain,"24,13",19.43,1.3,2019,ud las palmas
Attaquant,"25,33",5.33,0.444,2019,ud las palmas
Total,"25,26",33.8,0.786,2019,ud las palmas
Gardien,"24,25",1.1,0.275,2020,ud las palmas
Défense,"25,25",4.55,0.379,2020,ud las palmas
Milieu de terrain,"22,50",5.95,0.496,2020,ud las palmas
Attaquant,"23,64",8.6,0.614,2020,ud las palmas
Total,"23,83",20.2,0.481,2020,ud las palmas
Gardien,"26,67",1.2,0.4,2014,sporting gijon
Défense,"23,43",4.8,0.686,2014,sporting gijon
Milieu de terrain,"22,30",10.2,1.02,2014,sporting gijon
Attaquant,"22,71",3.9,0.557,2014,sporting gijon
Total,"23,19",20.1,0.744,2014,sporting gijon
Gardien,"27,67",1.8,0.6,2015,sporting gijon
Défense,"23,78",12.2,1.36,2015,sporting gijon
Milieu de terrain,"22,80",22.9,2.29,2015,sporting gijon
Attaquant,"23,29",16.3,2.33,2015,sporting gijon
Total,"23,72",53.2,1.83,2015,sporting gijon
Gardien,"26,67",1.8,0.6,2016,sporting gijon
Défense,"26,00",17.3,1.92,2016,sporting gijon
Milieu de terrain,"23,80",10.35,1.04,2016,sporting gijon
Attaquant,"23,73",18.2,1.65,2016,sporting gijon
Total,"24,64",47.65,1.44,2016,sporting gijon
Gardien,"22,67",1.5,0.5,2017,sporting gijon
Défense,"24,00",8.2,0.683,2017,sporting gijon
Milieu de terrain,"25,22",6.9,0.767,2017,sporting gijon
Attaquant,"25,00",13.1,1.46,2017,sporting gijon
Total,"24,48",29.7,0.9,2017,sporting gijon
Gardien,"21,50",1.95,0.488,2018,sporting gijon
Défense,"26,20",5.55,0.555,2018,sporting gijon
Milieu de terrain,"23,10",6.95,0.695,2018,sporting gijon
Attaquant,"23,83",15.05,1.25,2018,sporting gijon
Total,"24,03",29.5,0.819,2018,sporting gijon
Gardien,"23,33",1.3,0.433,2019,sporting gijon
Défense,"25,91",4.23,0.384,2019,sporting gijon
Milieu de terrain,"23,67",7.1,0.789,2019,sporting gijon
Attaquant,"24,40",6.8,0.68,2019,sporting gijon
Total,"24,61",19.43,0.589,2019,sporting gijon
Gardien,"21,20",0.85,0.17,2020,sporting gijon
Défense,"24,00",4.1,0.41,2020,sporting gijon
Milieu de terrain,"23,91",8.3,0.755,2020,sporting gijon
Attaquant,"23,55",9.8,0.891,2020,sporting gijon
Total,"23,46",23.05,0.623,2020,sporting gijon
Gardien,"30,00",0.7,0.35,2014,deportivo alaves
Défense,"27,38",2.5,0.313,2014,deportivo alaves
Milieu de terrain,"25,00",2.5,0.313,2014,deportivo alaves
Attaquant,"29,14",2.8,0.4,2014,deportivo alaves
Total,"27,32",8.5,0.34,2014,deportivo alaves
Gardien,"25,50",1.1,0.55,2015,deportivo alaves
Défense,"26,90",4.1,0.41,2015,deportivo alaves
Milieu de terrain,"27,25",2.6,0.325,2015,deportivo alaves
Attaquant,"27,29",3.3,0.471,2015,deportivo alaves
Total,"27,00",11.1,0.411,2015,deportivo alaves
Gardien,"23,00",5.8,2.9,2016,deportivo alaves
Défense,"23,73",32.7,2.97,2016,deportivo alaves
Milieu de terrain,"23,50",30.6,3.83,2016,deportivo alaves
Attaquant,"26,11",16.3,1.81,2016,deportivo alaves
Total,"24,33",85.4,2.85,2016,deportivo alaves
Gardien,"21,25",10.0,2.5,2017,deportivo alaves
Défense,"23,25",20.95,1.75,2017,deportivo alaves
Milieu de terrain,"26,00",13.6,1.94,2017,deportivo alaves
Attaquant,"24,90",30.25,3.03,2017,deportivo alaves
Total,"24,09",74.8,2.27,2017,deportivo alaves
Gardien,"22,00",16.5,5.5,2018,deportivo alaves
Défense,"23,58",45.4,3.78,2018,deportivo alaves
Milieu de terrain,"26,71",10.4,1.49,2018,deportivo alaves
Attaquant,"24,50",41.8,2.99,2018,deportivo alaves
Total,"24,42",114.1,3.17,2018,deportivo alaves
Gardien,"25,75",16.55,4.14,2019,deportivo alaves
Défense,"24,42",41.6,3.47,2019,deportivo alaves
Milieu de terrain,"25,50",18.65,1.55,2019,deportivo alaves
Attaquant,"25,11",29.95,3.33,2019,deportivo alaves
Total,"25,08",106.75,2.89,2019,deportivo alaves
Gardien,"24,33",9.05,3.02,2020,deportivo alaves
Défense,"22,71",27.9,1.99,2020,deportivo alaves
Milieu de terrain,"26,00",9.85,1.41,2020,deportivo alaves
Attaquant,"26,27",32.8,2.98,2020,deportivo alaves
Total,"24,63",79.6,2.27,2020,deportivo alaves
Gardien,"28,00",0.8,0.267,2014,cd leganes
Défense,"25,89",2.8,0.311,2014,cd leganes
Milieu de terrain,"23,86",3.5,0.5,2014,cd leganes
Attaquant,"24,55",3.3,0.3,2014,cd leganes
Total,"25,13",10.4,0.347,2014,cd leganes
Gardien,"29,50",0.9,0.45,2015,cd leganes
Défense,"25,90",5.2,0.52,2015,cd leganes
Milieu de terrain,"23,29",3.7,0.529,2015,cd leganes
Attaquant,"25,14",4.4,0.629,2015,cd leganes
Total,"25,27",14.2,0.546,2015,cd leganes
Gardien,"26,20",5.9,1.18,2016,cd leganes
Défense,"24,60",13.5,1.35,2016,cd leganes
Milieu de terrain,"25,00",14.05,1.41,2016,cd leganes
Attaquant,"25,08",19.7,1.64,2016,cd leganes
Total,"25,08",53.15,1.44,2016,cd leganes
Gardien,"30,67",1.7,0.567,2017,cd leganes
Défense,"26,70",16.2,1.62,2017,cd leganes
Milieu de terrain,"24,00",24.9,3.11,2017,cd leganes
Attaquant,"25,08",15.75,1.21,2017,cd leganes
Total,"25,79",58.55,1.72,2017,cd leganes
Gardien,"25,40",9.15,1.83,2018,cd leganes
Défense,"25,33",32.7,2.73,2018,cd leganes
Milieu de terrain,"24,13",30.6,3.83,2018,cd leganes
Attaquant,"24,92",40.0,3.08,2018,cd leganes
Total,"24,95",112.45,2.96,2018,cd leganes
Gardien,"24,50",2.55,0.638,2019,cd leganes
Défense,"24,17",25.7,2.14,2019,cd leganes
Milieu de terrain,"24,80",34.0,3.4,2019,cd leganes
Attaquant,"24,08",47.45,3.65,2019,cd leganes
Total,"24,33",109.7,2.81,2019,cd leganes
Gardien,"28,50",0.6,0.15,2020,cd leganes
Défense,"24,93",16.4,1.09,2020,cd leganes
Milieu de terrain,"25,57",7.03,1.0,2020,cd leganes
Attaquant,"24,31",10.4,0.8,2020,cd leganes
Total,"25,21",34.43,0.883,2020,cd leganes
Gardien,"25,33",1.4,0.467,2014,ca osasuna
Défense,"24,20",5.1,0.51,2014,ca osasuna
Milieu de terrain,"23,91",10.0,0.909,2014,ca osasuna
Attaquant,"22,80",5.0,0.5,2014,ca osasuna
Total,"23,79",21.5,0.632,2014,ca osasuna
Gardien,"25,00",1.2,0.4,2015,ca osasuna
Défense,"24,75",4.2,0.525,2015,ca osasuna
Milieu de terrain,"23,00",6.3,0.7,2015,ca osasuna
Attaquant,"23,73",3.9,0.355,2015,ca osasuna
Total,"23,90",15.6,0.503,2015,ca osasuna
Gardien,"25,00",5.45,1.09,2016,ca osasuna
Défense,"24,82",8.7,0.791,2016,ca osasuna
Milieu de terrain,"24,50",10.5,1.05,2016,ca osasuna
Attaquant,"23,91",18.3,1.66,2016,ca osasuna
Total,"24,49",42.95,1.16,2016,ca osasuna
Gardien,"26,33",1.05,0.35,2017,ca osasuna
Défense,"26,44",6.1,0.678,2017,ca osasuna
Milieu de terrain,"25,63",7.4,0.925,2017,ca osasuna
Attaquant,"26,00",7.2,0.9,2017,ca osasuna
Total,"26,07",21.75,0.777,2017,ca osasuna
Gardien,"24,00",1.4,0.35,2018,ca osasuna
Défense,"26,25",9.8,1.23,2018,ca osasuna
Milieu de terrain,"23,55",7.25,0.659,2018,ca osasuna
Attaquant,"25,33",10.3,1.14,2018,ca osasuna
Total,"24,78",28.75,0.898,2018,ca osasuna
Gardien,"26,25",2.35,0.588,2019,ca osasuna
Défense,"25,64",20.6,1.87,2019,ca osasuna
Milieu de terrain,"24,90",11.98,1.2,2019,ca osasuna
Attaquant,"25,33",27.85,2.32,2019,ca osasuna
Total,"25,41",62.78,1.7,2019,ca osasuna
Gardien,"25,40",7.4,1.48,2020,ca osasuna
Défense,"26,09",26.9,2.45,2020,ca osasuna
Milieu de terrain,"26,25",18.6,2.33,2020,ca osasuna
Attaquant,"26,00",43.55,3.63,2020,ca osasuna
Total,"26,00",96.45,2.68,2020,ca osasuna
Gardien,"24,33",1.1,0.367,2014, girona
Défense,"23,27",4.9,0.445,2014, girona
Milieu de terrain,"25,56",3.1,0.344,2014, girona
Attaquant,"27,80",1.7,0.34,2014, girona
Total,"24,93",10.8,0.386,2014, girona
Gardien,"24,50",1.2,0.6,2015, girona
Défense,"24,00",3.9,0.433,2015, girona
Milieu de terrain,"23,38",3.8,0.475,2015, girona
Attaquant,"25,00",4.1,0.456,2015, girona
Total,"24,18",13.0,0.464,2015, girona
Gardien,"25,25",1.5,0.375,2016, girona
Défense,"24,42",9.4,0.783,2016, girona
Milieu de terrain,"25,00",6.1,0.871,2016, girona
Attaquant,"25,33",5.5,0.611,2016, girona
Total,"24,91",22.5,0.703,2016, girona
Gardien,"27,33",3.2,1.07,2017, girona
Défense,"23,67",36.65,3.05,2017, girona
Milieu de terrain,"25,00",18.6,2.33,2017, girona
Attaquant,"23,57",23.3,3.33,2017, girona
Total,"24,37",81.75,2.73,2017, girona
Gardien,"27,00",5.6,1.4,2018, girona
Défense,"26,40",36.1,3.61,2018, girona
Milieu de terrain,"23,88",23.6,2.95,2018, girona
Attaquant,"23,45",31.95,2.9,2018, girona
Total,"24,88",97.25,2.95,2018, girona
Gardien,"29,25",4.9,1.23,2019, girona
Défense,"24,91",11.43,1.04,2019, girona
Milieu de terrain,"24,50",10.6,1.33,2019, girona
Attaquant,"24,36",14.5,1.04,2019, girona
Total,"25,08",41.43,1.12,2019, girona
Gardien,"24,60",2.1,0.42,2020, girona
Défense,"24,46",13.9,1.07,2020, girona
Milieu de terrain,"24,29",8.63,1.23,2020, girona
Attaquant,"22,33",11.7,0.78,2020, girona
Total,"23,65",36.33,0.908,2020, girona
Gardien,"26,25",1.9,0.475,2014,real valladolid
Défense,"25,36",11.9,1.08,2014,real valladolid
Milieu de terrain,"27,43",8.6,1.23,2014,real valladolid
Attaquant,"24,36",10.0,0.909,2014,real valladolid
Total,"25,58",32.4,0.982,2014,real valladolid
Gardien,"21,00",3.8,0.633,2015,real valladolid
Défense,"24,91",5.4,0.491,2015,real valladolid
Milieu de terrain,"26,40",5.5,0.55,2015,real valladolid
Attaquant,"24,75",7.35,0.613,2015,real valladolid
Total,"24,64",22.05,0.565,2015,real valladolid
Gardien,"25,67",1.4,0.467,2016,real valladolid
Défense,"24,50",5.3,0.53,2016,real valladolid
Milieu de terrain,"25,00",6.25,0.694,2016,real valladolid
Attaquant,"23,11",7.2,0.8,2016,real valladolid
Total,"24,35",20.15,0.65,2016,real valladolid
Gardien,"28,50",1.6,0.8,2017,real valladolid
Défense,"26,50",5.9,0.59,2017,real valladolid
Milieu de terrain,"25,00",3.7,0.411,2017,real valladolid
Attaquant,"21,85",16.0,1.23,2017,real valladolid
Total,"24,44",27.2,0.8,2017,real valladolid
Gardien,"25,75",8.15,2.04,2018,real valladolid
Défense,"24,73",24.35,2.21,2018,real valladolid
Milieu de terrain,"24,80",20.25,2.03,2018,real valladolid
Attaquant,"22,88",30.25,1.89,2018,real valladolid
Total,"24,12",83.0,2.02,2018,real valladolid
Gardien,"24,25",8.23,2.06,2019,real valladolid
Défense,"25,42",33.6,2.8,2019,real valladolid
Milieu de terrain,"25,00",22.6,2.26,2019,real valladolid
Attaquant,"23,36",23.35,2.12,2019,real valladolid
Total,"24,57",87.78,2.37,2019,real valladolid
Gardien,"27,75",3.1,0.775,2020,real valladolid
Défense,"25,38",20.25,1.27,2020,real valladolid
Milieu de terrain,"26,71",12.5,1.79,2020,real valladolid
Attaquant,"25,42",26.95,2.25,2020,real valladolid
Total,"25,87",62.8,1.61,2020,real valladolid
Défense,"27,57",0.2,0.029,2014,sd huesca
Milieu de terrain,"25,00",0.3,0.038,2014,sd huesca
Total,"25,21",0.5,0.018,2014,sd huesca
Gardien,"30,00",0.6,0.2,2015,sd huesca
Défense,"27,30",3.2,0.32,2015,sd huesca
Milieu de terrain,"25,40",2.55,0.255,2015,sd huesca
Attaquant,"25,22",2.95,0.328,2015,sd huesca
Total,"26,38",9.3,0.291,2015,sd huesca
Gardien,"26,75",1.4,0.35,2016,sd huesca
Défense,"27,64",4.1,0.373,2016,sd huesca
Milieu de terrain,"26,00",2.7,0.338,2016,sd huesca
Attaquant,"24,50",4.3,0.538,2016,sd huesca
Total,"26,29",12.5,0.403,2016,sd huesca
Gardien,"24,00",2.2,0.55,2017,sd huesca
Défense,"27,78",4.1,0.456,2017,sd huesca
Milieu de terrain,"28,50",4.7,0.783,2017,sd huesca
Attaquant,"22,80",10.65,1.07,2017,sd huesca
Total,"25,69",21.65,0.747,2017,sd huesca
Gardien,"26,50",2.5,0.417,2018,sd huesca
Défense,"25,62",15.4,1.18,2018,sd huesca
Milieu de terrain,"25,73",14.3,1.3,2018,sd huesca
Attaquant,"25,11",29.2,3.24,2018,sd huesca
Total,"25,67",61.4,1.57,2018,sd huesca
Gardien,"22,67",1.8,0.6,2019,sd huesca
Défense,"25,80",10.15,1.02,2019,sd huesca
Milieu de terrain,"26,57",4.4,0.629,2019,sd huesca
Attaquant,"23,33",14.33,1.19,2019,sd huesca
Total,"24,75",30.68,0.959,2019,sd huesca
Gardien,"24,50",4.9,1.23,2020,sd huesca
Défense,"26,55",23.2,2.11,2020,sd huesca
Milieu de terrain,"26,56",11.8,1.31,2020,sd huesca
Attaquant,"23,70",24.15,2.42,2020,sd huesca
Total,"25,47",64.05,1.88,2020,sd huesca
Gardien,"25,50",0.7,0.175,2014,rcd mallorca
Défense,"23,15",5.3,0.408,2014,rcd mallorca
Milieu de terrain,"25,57",1.5,0.214,2014,rcd mallorca
Attaquant,"23,62",11.9,0.915,2014,rcd mallorca
Total,"24,03",19.4,0.524,2014,rcd mallorca
Gardien,"23,00",1.13,0.225,2015,rcd mallorca
Défense,"23,50",5.3,0.53,2015,rcd mallorca
Milieu de terrain,"22,60",1.7,0.34,2015,rcd mallorca
Attaquant,"25,24",8.2,0.482,2015,rcd mallorca
Total,"24,11",16.33,0.441,2015,rcd mallorca
Gardien,"26,25",0.95,0.238,2016,rcd mallorca
Défense,"24,54",5.95,0.458,2016,rcd mallorca
Milieu de terrain,"25,57",4.15,0.593,2016,rcd mallorca
Attaquant,"24,58",4.65,0.388,2016,rcd mallorca
Total,"24,94",15.7,0.436,2016,rcd mallorca
Gardien,"24,67",0.45,0.15,2017,rcd mallorca
Défense,"25,90",2.55,0.255,2017,rcd mallorca
Milieu de terrain,"26,38",2.05,0.256,2017,rcd mallorca
Attaquant,"23,00",3.3,0.254,2017,rcd mallorca
Total,"24,79",8.35,0.246,2017,rcd mallorca
Gardien,"28,00",0.9,0.3,2018,rcd mallorca
Défense,"23,50",7.9,0.79,2018,rcd mallorca
Milieu de terrain,"27,50",2.85,0.356,2018,rcd mallorca
Attaquant,"23,53",10.2,0.6,2018,rcd mallorca
Total,"24,71",21.85,0.575,2018,rcd mallorca
Gardien,"25,40",1.85,0.37,2019,rcd mallorca
Défense,"23,92",19.0,1.58,2019,rcd mallorca
Milieu de terrain,"26,88",9.2,1.15,2019,rcd mallorca
Attaquant,"26,00",34.63,3.46,2019,rcd mallorca
Total,"25,40",64.68,1.85,2019,rcd mallorca
Gardien,"24,00",1.0,0.2,2020,rcd mallorca
Défense,"23,33",15.2,1.27,2020,rcd mallorca
Milieu de terrain,"25,75",9.8,1.23,2020,rcd mallorca
Attaquant,"24,86",24.95,1.78,2020,rcd mallorca
Total,"24,46",50.95,1.31,2020,rcd mallorca
Gardien,"25,00",0.1,0.033,2014, cadiz
Total,"23,70",0.1,0.003,2014, cadiz
Défense,"25,90",0.3,0.03,2015, cadiz
Attaquant,"24,40",0.5,0.05,2015, cadiz
Total,"25,79",0.8,0.024,2015, cadiz
Gardien,"28,33",0.6,0.2,2016, cadiz
Défense,"28,40",3.2,0.32,2016, cadiz
Milieu de terrain,"26,00",3.85,0.35,2016, cadiz
Attaquant,"24,78",5.4,0.6,2016, cadiz
Total,"26,61",13.05,0.395,2016, cadiz
Gardien,"28,00",0.4,0.133,2017, cadiz
Défense,"26,70",4.1,0.41,2017, cadiz
Milieu de terrain,"23,88",4.1,0.513,2017, cadiz
Attaquant,"24,43",9.3,0.664,2017, cadiz
Total,"25,26",17.9,0.511,2017, cadiz
Gardien,"28,67",0.35,0.117,2018, cadiz
Défense,"26,00",7.0,0.583,2018, cadiz
Milieu de terrain,"26,00",5.7,0.814,2018, cadiz
Attaquant,"24,94",15.95,0.938,2018, cadiz
Total,"25,74",29.0,0.744,2018, cadiz
Gardien,"27,50",0.4,0.1,2019, cadiz
Défense,"24,85",6.78,0.521,2019, cadiz
Milieu de terrain,"27,10",7.55,0.755,2019, cadiz
Attaquant,"24,57",6.73,0.48,2019, cadiz
Total,"25,56",21.45,0.523,2019, cadiz
Gardien,"27,80",5.95,1.19,2020, cadiz
Défense,"25,67",12.4,1.03,2020, cadiz
Milieu de terrain,"26,67",13.7,1.52,2020, cadiz
Attaquant,"25,73",15.4,1.03,2020, cadiz
Total,"26,17",47.45,1.16,2020, cadiz
Gardien,"29,67",2.4,0.8,2014,eibar
Défense,"25,50",12.5,1.25,2014,eibar
Milieu de terrain,"28,40",6.1,1.22,2014,eibar
Attaquant,"28,14",8.9,1.27,2014,eibar
Total,"27,32",29.9,1.2,2014,eibar
Gardien,"29,00",1.7,0.425,2015,eibar
Défense,"24,33",17.4,1.45,2015,eibar
Milieu de terrain,"23,11",13.4,1.49,2015,eibar
Attaquant,"25,10",24.1,2.41,2015,eibar
Total,"24,77",56.6,1.62,2015,eibar
Gardien,"24,00",4.1,0.82,2016,eibar
Défense,"24,14",23.45,1.68,2016,eibar
Milieu de terrain,"23,71",16.75,2.39,2016,eibar
Attaquant,"24,75",26.25,2.19,2016,eibar
Total,"24,24",70.55,1.86,2016,eibar
Gardien,"26,50",6.1,1.53,2017,eibar
Défense,"26,09",20.5,1.86,2017,eibar
Milieu de terrain,"24,38",13.55,1.69,2017,eibar
Attaquant,"26,50",19.9,1.99,2017,eibar
Total,"25,85",60.05,1.82,2017,eibar
Gardien,"27,50",12.1,3.03,2018,eibar
Défense,"26,60",29.45,2.95,2018,eibar
Milieu de terrain,"23,14",30.25,4.32,2018,eibar
Attaquant,"27,73",24.3,2.21,2018,eibar
Total,"26,34",96.1,3.0,2018,eibar
Gardien,"28,50",10.7,5.35,2019,eibar
Défense,"25,83",18.65,1.55,2019,eibar
Milieu de terrain,"25,00",10.8,1.54,2019,eibar
Attaquant,"31,13",13.6,1.7,2019,eibar
Total,"27,28",53.75,1.85,2019,eibar
Gardien,"23,50",9.1,2.28,2020,eibar
Défense,"26,08",22.4,1.72,2020,eibar
Milieu de terrain,"26,00",9.8,1.4,2020,eibar
Attaquant,"27,10",42.1,4.21,2020,eibar
Total,"26,06",83.4,2.45,2020,eibar
